HITId,HITTypeId,Title,Description,Keywords,Reward,CreationTime,MaxAssignments,RequesterAnnotation,AssignmentDurationInSeconds,AutoApprovalDelayInSeconds,Expiration,NumberOfSimilarHITs,LifetimeInSeconds,AssignmentId,WorkerId,AssignmentStatus,AcceptTime,SubmitTime,AutoApprovalTime,ApprovalTime,RejectionTime,RequesterFeedback,WorkTimeInSeconds,LifetimeApprovalRate,Last30DaysApprovalRate,Last7DaysApprovalRate,Input.KeyTerm,Input.Sentence,Input.System1,Input.System2,Input.Reverse,Input.SentenceNumber,Input.text1,Input.text2,Answer.Compare Quality of System Output.label,Answer.utterance,Approve,Reject
3H1C3QRA01PZCJ4285XVCY3LG7RCE1,3X2H010HBR2UDWPNQAX5K8M73242R4,"Which is a better representation of the term, as defined by the sentence?","Given a Target Term and a sentence that defines it, compare the output of the two systems.","meaning, semantic, similarity, text, definition, representation",$0.07 ,Sun Feb 24 15:50:39 PST 2019,3,BatchId:3543993;OriginalHitTemplateId:928390905;,420,259200,Wed Feb 27 15:50:39 PST 2019,,,3K772S5NP9HSGBCBKZGXC9WP3YBEHD,A746183X8258H,Submitted,Sun Feb 24 16:18:12 PST 2019,Sun Feb 24 16:18:48 PST 2019,Wed Feb 27 16:18:48 PST 2019,,,,36,0% (0/0),0% (0/0),0% (0/0),fiberglass,Fiberglass -lrb- us -rrb- or fibreglass -lrb- uk -rrb- is a common type of fiber-reinforced plastic using glass fiber .,"Relation: is, Related to: a common type of fiber - reinforced plastic using glass fiber","Relation: is a, Related to: -rrb- or fibreglass -lrb- uk -rrb-<br/>Relation: is a, Related to: a common type of fiber-reinforced plastic using glass fiber",1,1,,,3 - Cannot tell: Both are equally good/bad,both defines same point,,
3H1C3QRA01PZCJ4285XVCY3LG7RCE1,3X2H010HBR2UDWPNQAX5K8M73242R4,"Which is a better representation of the term, as defined by the sentence?","Given a Target Term and a sentence that defines it, compare the output of the two systems.","meaning, semantic, similarity, text, definition, representation",$0.07 ,Sun Feb 24 15:50:39 PST 2019,3,BatchId:3543993;OriginalHitTemplateId:928390905;,420,259200,Wed Feb 27 15:50:39 PST 2019,,,3KYQYYSHYWDXGMKYSH03Q0B5F8MODG,A19YRGJXNK347A,Submitted,Sun Feb 24 16:08:15 PST 2019,Sun Feb 24 16:08:39 PST 2019,Wed Feb 27 16:08:39 PST 2019,,,,24,0% (0/0),0% (0/0),0% (0/0),fiberglass,Fiberglass -lrb- us -rrb- or fibreglass -lrb- uk -rrb- is a common type of fiber-reinforced plastic using glass fiber .,"Relation: is, Related to: a common type of fiber - reinforced plastic using glass fiber","Relation: is a, Related to: -rrb- or fibreglass -lrb- uk -rrb-<br/>Relation: is a, Related to: a common type of fiber-reinforced plastic using glass fiber",1,1,,,1 - System 1,less cluttered,,
3H1C3QRA01PZCJ4285XVCY3LG7RCE1,3X2H010HBR2UDWPNQAX5K8M73242R4,"Which is a better representation of the term, as defined by the sentence?","Given a Target Term and a sentence that defines it, compare the output of the two systems.","meaning, semantic, similarity, text, definition, representation",$0.07 ,Sun Feb 24 15:50:39 PST 2019,3,BatchId:3543993;OriginalHitTemplateId:928390905;,420,259200,Wed Feb 27 15:50:39 PST 2019,,,3YWRV122CT5GCW847V1W3EPTM3F8U9,A2SM5HTRU7G55L,Submitted,Sun Feb 24 16:15:33 PST 2019,Sun Feb 24 16:17:00 PST 2019,Wed Feb 27 16:17:00 PST 2019,,,,87,0% (0/0),0% (0/0),0% (0/0),fiberglass,Fiberglass -lrb- us -rrb- or fibreglass -lrb- uk -rrb- is a common type of fiber-reinforced plastic using glass fiber .,"Relation: is, Related to: a common type of fiber - reinforced plastic using glass fiber","Relation: is a, Related to: -rrb- or fibreglass -lrb- uk -rrb-<br/>Relation: is a, Related to: a common type of fiber-reinforced plastic using glass fiber",1,1,,,2 - System 2,It contains more information than the first one,,
3NSCTNUR2ZTBNLEBDQ81297K3B7A5W,3X2H010HBR2UDWPNQAX5K8M73242R4,"Which is a better representation of the term, as defined by the sentence?","Given a Target Term and a sentence that defines it, compare the output of the two systems.","meaning, semantic, similarity, text, definition, representation",$0.07 ,Sun Feb 24 15:50:39 PST 2019,3,BatchId:3543993;OriginalHitTemplateId:928390905;,420,259200,Wed Feb 27 15:50:39 PST 2019,,,379J5II41PMU27V1BKVV41PWKFJELJ,A19YRGJXNK347A,Submitted,Sun Feb 24 16:12:32 PST 2019,Sun Feb 24 16:12:55 PST 2019,Wed Feb 27 16:12:55 PST 2019,,,,23,0% (0/0),0% (0/0),0% (0/0),east,"== etymology == the word east comes from middle english est , from old english ast , which itself comes from the proto-germanic * aus-to - or * austra - `` east , toward the sunrise '' , from proto-indo-european * aus - `` to shine , '' or `` dawn '' .","Relation: is defined as, Related to: etymology word east comes from middle english est , from old english ast , which itself comes from the proto-germanic * aus-to - or * austra - `` east , toward the sunrise '' , from proto-indo-european * aus - `` , '' or `` dawn ''","Relation: comes, Related to: from middle english est",0,3,,,1 - System 1,more complete,,
3NSCTNUR2ZTBNLEBDQ81297K3B7A5W,3X2H010HBR2UDWPNQAX5K8M73242R4,"Which is a better representation of the term, as defined by the sentence?","Given a Target Term and a sentence that defines it, compare the output of the two systems.","meaning, semantic, similarity, text, definition, representation",$0.07 ,Sun Feb 24 15:50:39 PST 2019,3,BatchId:3543993;OriginalHitTemplateId:928390905;,420,259200,Wed Feb 27 15:50:39 PST 2019,,,3PMBY0YE289K47AEQWMA94YYZ9R9CQ,A3APKUC67F9IMW,Submitted,Sun Feb 24 16:22:33 PST 2019,Sun Feb 24 16:24:57 PST 2019,Wed Feb 27 16:24:57 PST 2019,,,,144,0% (0/0),0% (0/0),0% (0/0),east,"== etymology == the word east comes from middle english est , from old english ast , which itself comes from the proto-germanic * aus-to - or * austra - `` east , toward the sunrise '' , from proto-indo-european * aus - `` to shine , '' or `` dawn '' .","Relation: is defined as, Related to: etymology word east comes from middle english est , from old english ast , which itself comes from the proto-germanic * aus-to - or * austra - `` east , toward the sunrise '' , from proto-indo-european * aus - `` , '' or `` dawn ''","Relation: comes, Related to: from middle english est",0,3,,,1 - System 1,System 1 contains more content that's important to define the target term.,,
3NSCTNUR2ZTBNLEBDQ81297K3B7A5W,3X2H010HBR2UDWPNQAX5K8M73242R4,"Which is a better representation of the term, as defined by the sentence?","Given a Target Term and a sentence that defines it, compare the output of the two systems.","meaning, semantic, similarity, text, definition, representation",$0.07 ,Sun Feb 24 15:50:39 PST 2019,3,BatchId:3543993;OriginalHitTemplateId:928390905;,420,259200,Wed Feb 27 15:50:39 PST 2019,,,3YDTZAI2WYMZKYU4T41ZB04R9KG14Q,A746183X8258H,Submitted,Sun Feb 24 15:52:48 PST 2019,Sun Feb 24 15:53:26 PST 2019,Wed Feb 27 15:53:26 PST 2019,,,,38,0% (0/0),0% (0/0),0% (0/0),east,"== etymology == the word east comes from middle english est , from old english ast , which itself comes from the proto-germanic * aus-to - or * austra - `` east , toward the sunrise '' , from proto-indo-european * aus - `` to shine , '' or `` dawn '' .","Relation: is defined as, Related to: etymology word east comes from middle english est , from old english ast , which itself comes from the proto-germanic * aus-to - or * austra - `` east , toward the sunrise '' , from proto-indo-european * aus - `` , '' or `` dawn ''","Relation: comes, Related to: from middle english est",0,3,,,1 - System 1,system 1 brifely defined,,
3LEG2HW4UFTEKFCW6NSVI3FZGHTF2D,3X2H010HBR2UDWPNQAX5K8M73242R4,"Which is a better representation of the term, as defined by the sentence?","Given a Target Term and a sentence that defines it, compare the output of the two systems.","meaning, semantic, similarity, text, definition, representation",$0.07 ,Sun Feb 24 15:50:39 PST 2019,3,BatchId:3543993;OriginalHitTemplateId:928390905;,420,259200,Wed Feb 27 15:50:39 PST 2019,,,35DR22AR5EQMS3WT0JHNW4GM0Z5X3Z,AWKXNVQD12EHT,Submitted,Sun Feb 24 16:24:51 PST 2019,Sun Feb 24 16:25:29 PST 2019,Wed Feb 27 16:25:29 PST 2019,,,,38,0% (0/0),0% (0/0),0% (0/0),coastal,"Both the terms coast and coastal are often used to describe a geographic location or region ; for example , new zealand 's west coast , or the east and west coasts of the united states .","Relation: are, Related to: to describe a geographic location or region<br/>Relation: used, Related to: to describe a geographic location or region<br/>Relation: describe, Related to: a geographic location or region","Relation: is a, Related to: terms<br/>Relation: is a, Related to: often describe a geographic location or region ; for example , new zealand 's west coast , or the east and west coasts of the united states",1,4,,,3 - Cannot tell: Both are equally good/bad,they both explain the same thing.,,
3LEG2HW4UFTEKFCW6NSVI3FZGHTF2D,3X2H010HBR2UDWPNQAX5K8M73242R4,"Which is a better representation of the term, as defined by the sentence?","Given a Target Term and a sentence that defines it, compare the output of the two systems.","meaning, semantic, similarity, text, definition, representation",$0.07 ,Sun Feb 24 15:50:39 PST 2019,3,BatchId:3543993;OriginalHitTemplateId:928390905;,420,259200,Wed Feb 27 15:50:39 PST 2019,,,37XITHEISXFQ8760KDMW0PYS5VURCS,A19YRGJXNK347A,Submitted,Sun Feb 24 16:08:40 PST 2019,Sun Feb 24 16:09:21 PST 2019,Wed Feb 27 16:09:21 PST 2019,,,,41,0% (0/0),0% (0/0),0% (0/0),coastal,"Both the terms coast and coastal are often used to describe a geographic location or region ; for example , new zealand 's west coast , or the east and west coasts of the united states .","Relation: are, Related to: to describe a geographic location or region<br/>Relation: used, Related to: to describe a geographic location or region<br/>Relation: describe, Related to: a geographic location or region","Relation: is a, Related to: terms<br/>Relation: is a, Related to: often describe a geographic location or region ; for example , new zealand 's west coast , or the east and west coasts of the united states",1,4,,,2 - System 2,less cluttered,,
3LEG2HW4UFTEKFCW6NSVI3FZGHTF2D,3X2H010HBR2UDWPNQAX5K8M73242R4,"Which is a better representation of the term, as defined by the sentence?","Given a Target Term and a sentence that defines it, compare the output of the two systems.","meaning, semantic, similarity, text, definition, representation",$0.07 ,Sun Feb 24 15:50:39 PST 2019,3,BatchId:3543993;OriginalHitTemplateId:928390905;,420,259200,Wed Feb 27 15:50:39 PST 2019,,,38BQUHLA9X60KGQB5AZ69QYZOMFMOX,A746183X8258H,Submitted,Sun Feb 24 16:14:05 PST 2019,Sun Feb 24 16:15:11 PST 2019,Wed Feb 27 16:15:11 PST 2019,,,,66,0% (0/0),0% (0/0),0% (0/0),coastal,"Both the terms coast and coastal are often used to describe a geographic location or region ; for example , new zealand 's west coast , or the east and west coasts of the united states .","Relation: are, Related to: to describe a geographic location or region<br/>Relation: used, Related to: to describe a geographic location or region<br/>Relation: describe, Related to: a geographic location or region","Relation: is a, Related to: terms<br/>Relation: is a, Related to: often describe a geographic location or region ; for example , new zealand 's west coast , or the east and west coasts of the united states",1,4,,,2 - System 2,system 2 show more details,,
3RKHNXPHGW2YKDDCQITY4Z2W74TUKC,3X2H010HBR2UDWPNQAX5K8M73242R4,"Which is a better representation of the term, as defined by the sentence?","Given a Target Term and a sentence that defines it, compare the output of the two systems.","meaning, semantic, similarity, text, definition, representation",$0.07 ,Sun Feb 24 15:50:39 PST 2019,3,BatchId:3543993;OriginalHitTemplateId:928390905;,420,259200,Wed Feb 27 15:50:39 PST 2019,,,33L7PJKHCH41CJTF7QBMYI3R3P78TH,A2RPSSZR3RP51Z,Submitted,Sun Feb 24 16:11:58 PST 2019,Sun Feb 24 16:12:31 PST 2019,Wed Feb 27 16:12:31 PST 2019,,,,33,0% (0/0),0% (0/0),0% (0/0),ferrous,"In chemistry , ferrous -lrb- fe2 + -rrb- , indicates a divalent iron compound -lrb- +2 oxidation state -rrb- , as opposed to ferric , which indicates a trivalent iron compound -lrb- +3 oxidation state -rrb- .","Relation: is defined as, Related to: In chemistry compound<br/>Relation: is a, Related to: fe2<br/>Relation: is a, Related to: a divalent iron compound -lrb- +2 oxidation state -rrb- , as opposed to ferric , which indicates a trivalent iron<br/>Relation: is part of, Related to: -lrb- oxidation state -rrb-","Relation: indicates, Related to: a divalent iron compound -lrb- + 2 oxidation state -rrb-",0,1,,,2 - System 2,NICE,,
3RKHNXPHGW2YKDDCQITY4Z2W74TUKC,3X2H010HBR2UDWPNQAX5K8M73242R4,"Which is a better representation of the term, as defined by the sentence?","Given a Target Term and a sentence that defines it, compare the output of the two systems.","meaning, semantic, similarity, text, definition, representation",$0.07 ,Sun Feb 24 15:50:39 PST 2019,3,BatchId:3543993;OriginalHitTemplateId:928390905;,420,259200,Wed Feb 27 15:50:39 PST 2019,,,3FE7TXL1LJTDYOZYA58QJMF1XIF2QT,A5AJ3WOPKFLH4,Submitted,Sun Feb 24 16:05:43 PST 2019,Sun Feb 24 16:06:20 PST 2019,Wed Feb 27 16:06:20 PST 2019,,,,37,0% (0/0),0% (0/0),0% (0/0),ferrous,"In chemistry , ferrous -lrb- fe2 + -rrb- , indicates a divalent iron compound -lrb- +2 oxidation state -rrb- , as opposed to ferric , which indicates a trivalent iron compound -lrb- +3 oxidation state -rrb- .","Relation: is defined as, Related to: In chemistry compound<br/>Relation: is a, Related to: fe2<br/>Relation: is a, Related to: a divalent iron compound -lrb- +2 oxidation state -rrb- , as opposed to ferric , which indicates a trivalent iron<br/>Relation: is part of, Related to: -lrb- oxidation state -rrb-","Relation: indicates, Related to: a divalent iron compound -lrb- + 2 oxidation state -rrb-",0,1,,,1 - System 1,seems more detailesd,,
3RKHNXPHGW2YKDDCQITY4Z2W74TUKC,3X2H010HBR2UDWPNQAX5K8M73242R4,"Which is a better representation of the term, as defined by the sentence?","Given a Target Term and a sentence that defines it, compare the output of the two systems.","meaning, semantic, similarity, text, definition, representation",$0.07 ,Sun Feb 24 15:50:39 PST 2019,3,BatchId:3543993;OriginalHitTemplateId:928390905;,420,259200,Wed Feb 27 15:50:39 PST 2019,,,3OS46CRSLG5TLXEGJ6E3FMVLUFW6V8,A19YRGJXNK347A,Submitted,Sun Feb 24 16:07:43 PST 2019,Sun Feb 24 16:08:15 PST 2019,Wed Feb 27 16:08:15 PST 2019,,,,32,0% (0/0),0% (0/0),0% (0/0),ferrous,"In chemistry , ferrous -lrb- fe2 + -rrb- , indicates a divalent iron compound -lrb- +2 oxidation state -rrb- , as opposed to ferric , which indicates a trivalent iron compound -lrb- +3 oxidation state -rrb- .","Relation: is defined as, Related to: In chemistry compound<br/>Relation: is a, Related to: fe2<br/>Relation: is a, Related to: a divalent iron compound -lrb- +2 oxidation state -rrb- , as opposed to ferric , which indicates a trivalent iron<br/>Relation: is part of, Related to: -lrb- oxidation state -rrb-","Relation: indicates, Related to: a divalent iron compound -lrb- + 2 oxidation state -rrb-",0,1,,,2 - System 2,less cluttered,,
3ODOP6T3ASQ4MZF7M6WCRZI8RRK24C,3X2H010HBR2UDWPNQAX5K8M73242R4,"Which is a better representation of the term, as defined by the sentence?","Given a Target Term and a sentence that defines it, compare the output of the two systems.","meaning, semantic, similarity, text, definition, representation",$0.07 ,Sun Feb 24 15:50:39 PST 2019,3,BatchId:3543993;OriginalHitTemplateId:928390905;,420,259200,Wed Feb 27 15:50:39 PST 2019,,,3T111IHZ5FWOA9ZX8TC5YZXKZASR9C,A746183X8258H,Submitted,Sun Feb 24 16:13:31 PST 2019,Sun Feb 24 16:14:04 PST 2019,Wed Feb 27 16:14:04 PST 2019,,,,33,0% (0/0),0% (0/0),0% (0/0),vacuum,An approximation to such vacuum is a region with a gaseous pressure much less than atmospheric pressure .,"Relation: is, Related to: a region with a gaseous pressure much less than atmospheric pressure","Relation: is a, Related to: a region with a gaseous pressure much less than atmospheric pressure",1,3,,,3 - Cannot tell: Both are equally good/bad,both are same,,
3ODOP6T3ASQ4MZF7M6WCRZI8RRK24C,3X2H010HBR2UDWPNQAX5K8M73242R4,"Which is a better representation of the term, as defined by the sentence?","Given a Target Term and a sentence that defines it, compare the output of the two systems.","meaning, semantic, similarity, text, definition, representation",$0.07 ,Sun Feb 24 15:50:39 PST 2019,3,BatchId:3543993;OriginalHitTemplateId:928390905;,420,259200,Wed Feb 27 15:50:39 PST 2019,,,3V5Q80FXIYXLRNTWCUWU6EMQNQZ32P,A2TZAXWOB3JMNV,Submitted,Sun Feb 24 15:56:09 PST 2019,Sun Feb 24 15:59:12 PST 2019,Wed Feb 27 15:59:12 PST 2019,,,,183,0% (0/0),0% (0/0),0% (0/0),vacuum,An approximation to such vacuum is a region with a gaseous pressure much less than atmospheric pressure .,"Relation: is, Related to: a region with a gaseous pressure much less than atmospheric pressure","Relation: is a, Related to: a region with a gaseous pressure much less than atmospheric pressure",1,3,,,3 - Cannot tell: Both are equally good/bad,They are exactly the same.,,
3ODOP6T3ASQ4MZF7M6WCRZI8RRK24C,3X2H010HBR2UDWPNQAX5K8M73242R4,"Which is a better representation of the term, as defined by the sentence?","Given a Target Term and a sentence that defines it, compare the output of the two systems.","meaning, semantic, similarity, text, definition, representation",$0.07 ,Sun Feb 24 15:50:39 PST 2019,3,BatchId:3543993;OriginalHitTemplateId:928390905;,420,259200,Wed Feb 27 15:50:39 PST 2019,,,3VE8AYVF8N3RTEBEC66XHEOQCG08FA,A19YRGJXNK347A,Submitted,Sun Feb 24 16:15:08 PST 2019,Sun Feb 24 16:15:34 PST 2019,Wed Feb 27 16:15:34 PST 2019,,,,26,0% (0/0),0% (0/0),0% (0/0),vacuum,An approximation to such vacuum is a region with a gaseous pressure much less than atmospheric pressure .,"Relation: is, Related to: a region with a gaseous pressure much less than atmospheric pressure","Relation: is a, Related to: a region with a gaseous pressure much less than atmospheric pressure",1,3,,,3 - Cannot tell: Both are equally good/bad,choices are almost identical,,
322ZSN9Z5GQY6Y9K5LG8SMRYR4X4T6,3X2H010HBR2UDWPNQAX5K8M73242R4,"Which is a better representation of the term, as defined by the sentence?","Given a Target Term and a sentence that defines it, compare the output of the two systems.","meaning, semantic, similarity, text, definition, representation",$0.07 ,Sun Feb 24 15:50:39 PST 2019,3,BatchId:3543993;OriginalHitTemplateId:928390905;,420,259200,Wed Feb 27 15:50:39 PST 2019,,,3FTOP5WARGUPGRS70SK33XA0MP20JF,A294UCHXS5Z86L,Submitted,Sun Feb 24 16:01:28 PST 2019,Sun Feb 24 16:02:57 PST 2019,Wed Feb 27 16:02:57 PST 2019,,,,89,0% (0/0),0% (0/0),0% (0/0),helmet,Ceremonial or symbolic helmets -lrb- e.g. uk policeman 's helmet -rrb- without protective function are sometimes worn .,"Relation: are, Related to: sometimes","Relation: is a, Related to: or symbolic helmets -lrb- e.g. uk worn",1,3,,,3 - Cannot tell: Both are equally good/bad,Both refer to the same options of terms,,
322ZSN9Z5GQY6Y9K5LG8SMRYR4X4T6,3X2H010HBR2UDWPNQAX5K8M73242R4,"Which is a better representation of the term, as defined by the sentence?","Given a Target Term and a sentence that defines it, compare the output of the two systems.","meaning, semantic, similarity, text, definition, representation",$0.07 ,Sun Feb 24 15:50:39 PST 2019,3,BatchId:3543993;OriginalHitTemplateId:928390905;,420,259200,Wed Feb 27 15:50:39 PST 2019,,,3L6L49WXW13Y8GVNUR3BEQH8L0L54C,A19YRGJXNK347A,Submitted,Sun Feb 24 15:51:58 PST 2019,Sun Feb 24 15:52:43 PST 2019,Wed Feb 27 15:52:43 PST 2019,,,,45,0% (0/0),0% (0/0),0% (0/0),helmet,Ceremonial or symbolic helmets -lrb- e.g. uk policeman 's helmet -rrb- without protective function are sometimes worn .,"Relation: are, Related to: sometimes","Relation: is a, Related to: or symbolic helmets -lrb- e.g. uk worn",1,3,,,3 - Cannot tell: Both are equally good/bad,neither is complete,,
322ZSN9Z5GQY6Y9K5LG8SMRYR4X4T6,3X2H010HBR2UDWPNQAX5K8M73242R4,"Which is a better representation of the term, as defined by the sentence?","Given a Target Term and a sentence that defines it, compare the output of the two systems.","meaning, semantic, similarity, text, definition, representation",$0.07 ,Sun Feb 24 15:50:39 PST 2019,3,BatchId:3543993;OriginalHitTemplateId:928390905;,420,259200,Wed Feb 27 15:50:39 PST 2019,,,3NOKK93PR2EGW1L9UY8RR6ZCBIIEEW,A746183X8258H,Submitted,Sun Feb 24 16:12:18 PST 2019,Sun Feb 24 16:13:30 PST 2019,Wed Feb 27 16:13:30 PST 2019,,,,72,0% (0/0),0% (0/0),0% (0/0),helmet,Ceremonial or symbolic helmets -lrb- e.g. uk policeman 's helmet -rrb- without protective function are sometimes worn .,"Relation: are, Related to: sometimes","Relation: is a, Related to: or symbolic helmets -lrb- e.g. uk worn",1,3,,,1 - System 1,"system 1 answer doesn ""nt rel;ated",,
371Q3BEXDHFDUVKU1E18CD8LQGLZSN,3X2H010HBR2UDWPNQAX5K8M73242R4,"Which is a better representation of the term, as defined by the sentence?","Given a Target Term and a sentence that defines it, compare the output of the two systems.","meaning, semantic, similarity, text, definition, representation",$0.07 ,Sun Feb 24 15:50:39 PST 2019,3,BatchId:3543993;OriginalHitTemplateId:928390905;,420,259200,Wed Feb 27 15:50:39 PST 2019,,,37ZHEEHM6XSSDOQ2I6DP253YY6O378,A19YRGJXNK347A,Submitted,Sun Feb 24 16:11:43 PST 2019,Sun Feb 24 16:12:31 PST 2019,Wed Feb 27 16:12:31 PST 2019,,,,48,0% (0/0),0% (0/0),0% (0/0),sucrose,"Sucrose is produced naturally in plants , from which table sugar is refined .","Relation: is, Related to: produced<br/>Relation: produced, Related to: in plants","Relation: is a, Related to: produced naturally<br/>Relation: has the property, Related to: in plants , from which table<br/>Relation: has the property, Related to: refined",1,3,,,3 - Cannot tell: Both are equally good/bad,both are incomplete,,
371Q3BEXDHFDUVKU1E18CD8LQGLZSN,3X2H010HBR2UDWPNQAX5K8M73242R4,"Which is a better representation of the term, as defined by the sentence?","Given a Target Term and a sentence that defines it, compare the output of the two systems.","meaning, semantic, similarity, text, definition, representation",$0.07 ,Sun Feb 24 15:50:39 PST 2019,3,BatchId:3543993;OriginalHitTemplateId:928390905;,420,259200,Wed Feb 27 15:50:39 PST 2019,,,3CPLWGV3MP53VB75FMVOPFSAYD69N9,A39XF45WLMIGX2,Submitted,Sun Feb 24 16:26:58 PST 2019,Sun Feb 24 16:27:48 PST 2019,Wed Feb 27 16:27:48 PST 2019,,,,50,0% (0/0),0% (0/0),0% (0/0),sucrose,"Sucrose is produced naturally in plants , from which table sugar is refined .","Relation: is, Related to: produced<br/>Relation: produced, Related to: in plants","Relation: is a, Related to: produced naturally<br/>Relation: has the property, Related to: in plants , from which table<br/>Relation: has the property, Related to: refined",1,3,,,2 - System 2,More in depth,,
371Q3BEXDHFDUVKU1E18CD8LQGLZSN,3X2H010HBR2UDWPNQAX5K8M73242R4,"Which is a better representation of the term, as defined by the sentence?","Given a Target Term and a sentence that defines it, compare the output of the two systems.","meaning, semantic, similarity, text, definition, representation",$0.07 ,Sun Feb 24 15:50:39 PST 2019,3,BatchId:3543993;OriginalHitTemplateId:928390905;,420,259200,Wed Feb 27 15:50:39 PST 2019,,,3WJEQKOXA98EMNAL25BQO3QR1UH1A6,A746183X8258H,Submitted,Sun Feb 24 16:15:44 PST 2019,Sun Feb 24 16:16:09 PST 2019,Wed Feb 27 16:16:09 PST 2019,,,,25,0% (0/0),0% (0/0),0% (0/0),sucrose,"Sucrose is produced naturally in plants , from which table sugar is refined .","Relation: is, Related to: produced<br/>Relation: produced, Related to: in plants","Relation: is a, Related to: produced naturally<br/>Relation: has the property, Related to: in plants , from which table<br/>Relation: has the property, Related to: refined",1,3,,,2 - System 2,system 2 shoe more details,,
3G57RS03HHBMIIJ70BFMWROMRNF25H,3X2H010HBR2UDWPNQAX5K8M73242R4,"Which is a better representation of the term, as defined by the sentence?","Given a Target Term and a sentence that defines it, compare the output of the two systems.","meaning, semantic, similarity, text, definition, representation",$0.07 ,Sun Feb 24 15:50:39 PST 2019,3,BatchId:3543993;OriginalHitTemplateId:928390905;,420,259200,Wed Feb 27 15:50:39 PST 2019,,,3RKNTXVS3N4VEM74PNUSM1XUDEQ4AL,A2RPSSZR3RP51Z,Submitted,Sun Feb 24 16:12:52 PST 2019,Sun Feb 24 16:13:42 PST 2019,Wed Feb 27 16:13:42 PST 2019,,,,50,0% (0/0),0% (0/0),0% (0/0),pizza,"In formal settings , like a restaurant , pizza is eaten with knife and fork , but in casual settings it is cut into wedges to be eaten while held in the hand .","Relation: is used for, Related to: In<br/>Relation: has the property, Related to: formal<br/>Relation: has the property, Related to: eaten with knife and fork , into wedges to be eaten while held in the hand<br/>Relation: is defined as, Related to: but in casual<br/>Relation: is a, Related to: cut","Relation: is, Related to: eaten<br/>Relation: eaten, Related to: with knife and fork",0,2,,,2 - System 2,NICE,,
3G57RS03HHBMIIJ70BFMWROMRNF25H,3X2H010HBR2UDWPNQAX5K8M73242R4,"Which is a better representation of the term, as defined by the sentence?","Given a Target Term and a sentence that defines it, compare the output of the two systems.","meaning, semantic, similarity, text, definition, representation",$0.07 ,Sun Feb 24 15:50:39 PST 2019,3,BatchId:3543993;OriginalHitTemplateId:928390905;,420,259200,Wed Feb 27 15:50:39 PST 2019,,,3W2LOLRXLCL8R5IOCQ3UO8B0A43KRY,A19YRGJXNK347A,Submitted,Sun Feb 24 16:10:46 PST 2019,Sun Feb 24 16:11:17 PST 2019,Wed Feb 27 16:11:17 PST 2019,,,,31,0% (0/0),0% (0/0),0% (0/0),pizza,"In formal settings , like a restaurant , pizza is eaten with knife and fork , but in casual settings it is cut into wedges to be eaten while held in the hand .","Relation: is used for, Related to: In<br/>Relation: has the property, Related to: formal<br/>Relation: has the property, Related to: eaten with knife and fork , into wedges to be eaten while held in the hand<br/>Relation: is defined as, Related to: but in casual<br/>Relation: is a, Related to: cut","Relation: is, Related to: eaten<br/>Relation: eaten, Related to: with knife and fork",0,2,,,1 - System 1,more complete,,
3G57RS03HHBMIIJ70BFMWROMRNF25H,3X2H010HBR2UDWPNQAX5K8M73242R4,"Which is a better representation of the term, as defined by the sentence?","Given a Target Term and a sentence that defines it, compare the output of the two systems.","meaning, semantic, similarity, text, definition, representation",$0.07 ,Sun Feb 24 15:50:39 PST 2019,3,BatchId:3543993;OriginalHitTemplateId:928390905;,420,259200,Wed Feb 27 15:50:39 PST 2019,,,3ZQIG0FLQFMRFCTMAOR7DGUYIHPVWY,A39XF45WLMIGX2,Submitted,Sun Feb 24 16:11:00 PST 2019,Sun Feb 24 16:11:38 PST 2019,Wed Feb 27 16:11:38 PST 2019,,,,38,0% (0/0),0% (0/0),0% (0/0),pizza,"In formal settings , like a restaurant , pizza is eaten with knife and fork , but in casual settings it is cut into wedges to be eaten while held in the hand .","Relation: is used for, Related to: In<br/>Relation: has the property, Related to: formal<br/>Relation: has the property, Related to: eaten with knife and fork , into wedges to be eaten while held in the hand<br/>Relation: is defined as, Related to: but in casual<br/>Relation: is a, Related to: cut","Relation: is, Related to: eaten<br/>Relation: eaten, Related to: with knife and fork",0,2,,,2 - System 2,It's more to the point,,
3FBEFUUYRKB76PEPI9I6UFLKZ6IA6C,3X2H010HBR2UDWPNQAX5K8M73242R4,"Which is a better representation of the term, as defined by the sentence?","Given a Target Term and a sentence that defines it, compare the output of the two systems.","meaning, semantic, similarity, text, definition, representation",$0.07 ,Sun Feb 24 15:50:39 PST 2019,3,BatchId:3543993;OriginalHitTemplateId:928390905;,420,259200,Wed Feb 27 15:50:39 PST 2019,,,3E4GGUZ1T9XRNL13X0OTN03SYCP2K3,A19YRGJXNK347A,Submitted,Sun Feb 24 16:14:37 PST 2019,Sun Feb 24 16:15:08 PST 2019,Wed Feb 27 16:15:08 PST 2019,,,,31,0% (0/0),0% (0/0),0% (0/0),hemp,"It can be refined into a variety of commercial items including paper , textiles , clothing , biodegradable plastics , paint , insulation , biofuel , food , and animal feed.although cannabis as a drug and industrial hemp both derive from the species cannabis sativa and contain the psychoactive component tetrahydrocannabinol -lrb- thc -rrb- , they are distinct strains with unique phytochemical compositions and uses .","Relation: has the property, Related to: refined into a variety of commercial items including paper<br/>Relation: is defined as, Related to: clothing , biodegradable plastics , paint , insulation , biofuel , food , and animal feed.although cannabis as a drug and industrial hemp both derive from the species cannabis sativa and contain the psychoactive component tetrahydrocannabinol -lrb- thc strains unique phytochemical compositions and uses<br/>Relation: is a, Related to: distinct with","Relation: derive, Related to: from the species cannabis sativa",0,3,,,1 - System 1,more complete,,
3FBEFUUYRKB76PEPI9I6UFLKZ6IA6C,3X2H010HBR2UDWPNQAX5K8M73242R4,"Which is a better representation of the term, as defined by the sentence?","Given a Target Term and a sentence that defines it, compare the output of the two systems.","meaning, semantic, similarity, text, definition, representation",$0.07 ,Sun Feb 24 15:50:39 PST 2019,3,BatchId:3543993;OriginalHitTemplateId:928390905;,420,259200,Wed Feb 27 15:50:39 PST 2019,,,3QY7M81QH8SY9MY93C5OJRK09S7K7X,A10CYIL141IBZT,Submitted,Sun Feb 24 15:59:52 PST 2019,Sun Feb 24 16:00:43 PST 2019,Wed Feb 27 16:00:43 PST 2019,,,,51,0% (0/0),0% (0/0),0% (0/0),hemp,"It can be refined into a variety of commercial items including paper , textiles , clothing , biodegradable plastics , paint , insulation , biofuel , food , and animal feed.although cannabis as a drug and industrial hemp both derive from the species cannabis sativa and contain the psychoactive component tetrahydrocannabinol -lrb- thc -rrb- , they are distinct strains with unique phytochemical compositions and uses .","Relation: has the property, Related to: refined into a variety of commercial items including paper<br/>Relation: is defined as, Related to: clothing , biodegradable plastics , paint , insulation , biofuel , food , and animal feed.although cannabis as a drug and industrial hemp both derive from the species cannabis sativa and contain the psychoactive component tetrahydrocannabinol -lrb- thc strains unique phytochemical compositions and uses<br/>Relation: is a, Related to: distinct with","Relation: derive, Related to: from the species cannabis sativa",0,3,,,1 - System 1,"More of an explanation, and hemp can relate to all of them on system one, which has multiple",,
3FBEFUUYRKB76PEPI9I6UFLKZ6IA6C,3X2H010HBR2UDWPNQAX5K8M73242R4,"Which is a better representation of the term, as defined by the sentence?","Given a Target Term and a sentence that defines it, compare the output of the two systems.","meaning, semantic, similarity, text, definition, representation",$0.07 ,Sun Feb 24 15:50:39 PST 2019,3,BatchId:3543993;OriginalHitTemplateId:928390905;,420,259200,Wed Feb 27 15:50:39 PST 2019,,,3R6BYFZZP8IH8FCMKEIPXD5J3P9XF7,A746183X8258H,Submitted,Sun Feb 24 16:19:09 PST 2019,Sun Feb 24 16:19:46 PST 2019,Wed Feb 27 16:19:46 PST 2019,,,,37,0% (0/0),0% (0/0),0% (0/0),hemp,"It can be refined into a variety of commercial items including paper , textiles , clothing , biodegradable plastics , paint , insulation , biofuel , food , and animal feed.although cannabis as a drug and industrial hemp both derive from the species cannabis sativa and contain the psychoactive component tetrahydrocannabinol -lrb- thc -rrb- , they are distinct strains with unique phytochemical compositions and uses .","Relation: has the property, Related to: refined into a variety of commercial items including paper<br/>Relation: is defined as, Related to: clothing , biodegradable plastics , paint , insulation , biofuel , food , and animal feed.although cannabis as a drug and industrial hemp both derive from the species cannabis sativa and contain the psychoactive component tetrahydrocannabinol -lrb- thc strains unique phytochemical compositions and uses<br/>Relation: is a, Related to: distinct with","Relation: derive, Related to: from the species cannabis sativa",0,3,,,1 - System 1,system1 defined more points and it is detailed,,
3538U0YQ1F035X8FAN601DKRMVTF3O,3X2H010HBR2UDWPNQAX5K8M73242R4,"Which is a better representation of the term, as defined by the sentence?","Given a Target Term and a sentence that defines it, compare the output of the two systems.","meaning, semantic, similarity, text, definition, representation",$0.07 ,Sun Feb 24 15:50:39 PST 2019,3,BatchId:3543993;OriginalHitTemplateId:928390905;,420,259200,Wed Feb 27 15:50:39 PST 2019,,,3HFNH7HEMIK3DI759KTFLQ9271MGQS,A746183X8258H,Submitted,Sun Feb 24 16:17:32 PST 2019,Sun Feb 24 16:18:12 PST 2019,Wed Feb 27 16:18:12 PST 2019,,,,40,0% (0/0),0% (0/0),0% (0/0),eskimo,"Eskimo -lrb- ess-kih-moh -rrb- or eskimos are the indigenous peoples who have traditionally inhabited the northern circumpolar region from eastern siberia -lrb- russia -rrb- to across alaska -lrb- of the united states -rrb- , canada , and greenland.the two main peoples known as `` eskimo '' are : -lrb- 1 -rrb- the alaskan iupiat peoples , greenlandic inuit , and the mass-grouping inuit peoples of canada , and -lrb- 2 -rrb- the yupik of eastern siberia and alaska .","Relation: is defined as, Related to: indigenous peoples who have traditionally inhabited the northern circumpolar region from eastern siberia -lrb- russia -rrb- to across alaska -lrb- of the united states -rrb- , canada , and greenland.the two main peoples known alaskan iupiat peoples , greenlandic inuit , and mass-grouping inuit peoples canada , and -lrb- 2 -rrb- yupik of eastern siberia and alaska<br/>Relation: is a, Related to: -lrb- 1 -rrb- the","Relation: are, Related to: the indigenous peoples who have traditionally inhabited the northern circumpolar region from eastern siberia -lrb- russia -rrb- to across alaska -lrb- of the united states -rrb- , canada , and greenland.the two main peoples<br/>Relation: are, Related to: : -lrb- 1 -rrb- the alaskan iupiat peoples , greenlandic inuit , and the mass - grouping inuit peoples of canada , and -lrb- 2",0,1,,,3 - Cannot tell: Both are equally good/bad,both show same details,,
3538U0YQ1F035X8FAN601DKRMVTF3O,3X2H010HBR2UDWPNQAX5K8M73242R4,"Which is a better representation of the term, as defined by the sentence?","Given a Target Term and a sentence that defines it, compare the output of the two systems.","meaning, semantic, similarity, text, definition, representation",$0.07 ,Sun Feb 24 15:50:39 PST 2019,3,BatchId:3543993;OriginalHitTemplateId:928390905;,420,259200,Wed Feb 27 15:50:39 PST 2019,,,3RYC5T2D74Z92WF4PI82KPXZ4EERPB,A10CYIL141IBZT,Submitted,Sun Feb 24 16:35:26 PST 2019,Sun Feb 24 16:36:00 PST 2019,Wed Feb 27 16:36:00 PST 2019,,,,34,0% (0/0),0% (0/0),0% (0/0),eskimo,"Eskimo -lrb- ess-kih-moh -rrb- or eskimos are the indigenous peoples who have traditionally inhabited the northern circumpolar region from eastern siberia -lrb- russia -rrb- to across alaska -lrb- of the united states -rrb- , canada , and greenland.the two main peoples known as `` eskimo '' are : -lrb- 1 -rrb- the alaskan iupiat peoples , greenlandic inuit , and the mass-grouping inuit peoples of canada , and -lrb- 2 -rrb- the yupik of eastern siberia and alaska .","Relation: is defined as, Related to: indigenous peoples who have traditionally inhabited the northern circumpolar region from eastern siberia -lrb- russia -rrb- to across alaska -lrb- of the united states -rrb- , canada , and greenland.the two main peoples known alaskan iupiat peoples , greenlandic inuit , and mass-grouping inuit peoples canada , and -lrb- 2 -rrb- yupik of eastern siberia and alaska<br/>Relation: is a, Related to: -lrb- 1 -rrb- the","Relation: are, Related to: the indigenous peoples who have traditionally inhabited the northern circumpolar region from eastern siberia -lrb- russia -rrb- to across alaska -lrb- of the united states -rrb- , canada , and greenland.the two main peoples<br/>Relation: are, Related to: : -lrb- 1 -rrb- the alaskan iupiat peoples , greenlandic inuit , and the mass - grouping inuit peoples of canada , and -lrb- 2",0,1,,,1 - System 1,more information,,
3538U0YQ1F035X8FAN601DKRMVTF3O,3X2H010HBR2UDWPNQAX5K8M73242R4,"Which is a better representation of the term, as defined by the sentence?","Given a Target Term and a sentence that defines it, compare the output of the two systems.","meaning, semantic, similarity, text, definition, representation",$0.07 ,Sun Feb 24 15:50:39 PST 2019,3,BatchId:3543993;OriginalHitTemplateId:928390905;,420,259200,Wed Feb 27 15:50:39 PST 2019,,,3VHHR074H4N9TSGROCHPYRXFYSFL74,A19YRGJXNK347A,Submitted,Sun Feb 24 16:13:58 PST 2019,Sun Feb 24 16:14:36 PST 2019,Wed Feb 27 16:14:36 PST 2019,,,,38,0% (0/0),0% (0/0),0% (0/0),eskimo,"Eskimo -lrb- ess-kih-moh -rrb- or eskimos are the indigenous peoples who have traditionally inhabited the northern circumpolar region from eastern siberia -lrb- russia -rrb- to across alaska -lrb- of the united states -rrb- , canada , and greenland.the two main peoples known as `` eskimo '' are : -lrb- 1 -rrb- the alaskan iupiat peoples , greenlandic inuit , and the mass-grouping inuit peoples of canada , and -lrb- 2 -rrb- the yupik of eastern siberia and alaska .","Relation: is defined as, Related to: indigenous peoples who have traditionally inhabited the northern circumpolar region from eastern siberia -lrb- russia -rrb- to across alaska -lrb- of the united states -rrb- , canada , and greenland.the two main peoples known alaskan iupiat peoples , greenlandic inuit , and mass-grouping inuit peoples canada , and -lrb- 2 -rrb- yupik of eastern siberia and alaska<br/>Relation: is a, Related to: -lrb- 1 -rrb- the","Relation: are, Related to: the indigenous peoples who have traditionally inhabited the northern circumpolar region from eastern siberia -lrb- russia -rrb- to across alaska -lrb- of the united states -rrb- , canada , and greenland.the two main peoples<br/>Relation: are, Related to: : -lrb- 1 -rrb- the alaskan iupiat peoples , greenlandic inuit , and the mass - grouping inuit peoples of canada , and -lrb- 2",0,1,,,1 - System 1,more complete,,
38O9DZ0A62TI1MJL5UPROX2MNIQ26X,3X2H010HBR2UDWPNQAX5K8M73242R4,"Which is a better representation of the term, as defined by the sentence?","Given a Target Term and a sentence that defines it, compare the output of the two systems.","meaning, semantic, similarity, text, definition, representation",$0.07 ,Sun Feb 24 15:50:39 PST 2019,3,BatchId:3543993;OriginalHitTemplateId:928390905;,420,259200,Wed Feb 27 15:50:39 PST 2019,,,3F1567XTNXBOY8KXVEN5T9NF3OP9QS,A19YRGJXNK347A,Submitted,Sun Feb 24 16:09:39 PST 2019,Sun Feb 24 16:10:07 PST 2019,Wed Feb 27 16:10:07 PST 2019,,,,28,0% (0/0),0% (0/0),0% (0/0),ammunition,"Ammunition is both expendable weapons -lrb- e.g. , bombs , missiles , grenades , land mines -rrb- and the component parts of other weapons that create the effect on a target -lrb- e.g. , bullets and warheads -rrb- .","Relation: is, Related to: both expendable weapons -lrb- e.g. , bombs , missiles , grenades , land mines -rrb- and the component parts of other weapons","Relation: is a, Related to: both expendable weapons -lrb- e.g. , bombs , missiles , grenades , land mines -rrb- and the component parts of other weapons that create the effect<br/>Relation: causes, Related to: on , bullets and warheads -rrb-<br/>Relation: is defined as, Related to: a target -lrb- e.g.",1,2,,,1 - System 1,less cluttered,,
38O9DZ0A62TI1MJL5UPROX2MNIQ26X,3X2H010HBR2UDWPNQAX5K8M73242R4,"Which is a better representation of the term, as defined by the sentence?","Given a Target Term and a sentence that defines it, compare the output of the two systems.","meaning, semantic, similarity, text, definition, representation",$0.07 ,Sun Feb 24 15:50:39 PST 2019,3,BatchId:3543993;OriginalHitTemplateId:928390905;,420,259200,Wed Feb 27 15:50:39 PST 2019,,,3MAOD8E57RGTW7P3I2125IES5GQNXZ,A746183X8258H,Submitted,Sun Feb 24 15:53:27 PST 2019,Sun Feb 24 15:54:01 PST 2019,Wed Feb 27 15:54:01 PST 2019,,,,34,0% (0/0),0% (0/0),0% (0/0),ammunition,"Ammunition is both expendable weapons -lrb- e.g. , bombs , missiles , grenades , land mines -rrb- and the component parts of other weapons that create the effect on a target -lrb- e.g. , bullets and warheads -rrb- .","Relation: is, Related to: both expendable weapons -lrb- e.g. , bombs , missiles , grenades , land mines -rrb- and the component parts of other weapons","Relation: is a, Related to: both expendable weapons -lrb- e.g. , bombs , missiles , grenades , land mines -rrb- and the component parts of other weapons that create the effect<br/>Relation: causes, Related to: on , bullets and warheads -rrb-<br/>Relation: is defined as, Related to: a target -lrb- e.g.",1,2,,,2 - System 2,system two show more details,,
38O9DZ0A62TI1MJL5UPROX2MNIQ26X,3X2H010HBR2UDWPNQAX5K8M73242R4,"Which is a better representation of the term, as defined by the sentence?","Given a Target Term and a sentence that defines it, compare the output of the two systems.","meaning, semantic, similarity, text, definition, representation",$0.07 ,Sun Feb 24 15:50:39 PST 2019,3,BatchId:3543993;OriginalHitTemplateId:928390905;,420,259200,Wed Feb 27 15:50:39 PST 2019,,,3PXX5PX6LY4FZLSD424FUF30N63ABT,A1CP4HLV04V5H6,Submitted,Sun Feb 24 15:55:39 PST 2019,Sun Feb 24 15:58:24 PST 2019,Wed Feb 27 15:58:24 PST 2019,,,,165,0% (0/0),0% (0/0),0% (0/0),ammunition,"Ammunition is both expendable weapons -lrb- e.g. , bombs , missiles , grenades , land mines -rrb- and the component parts of other weapons that create the effect on a target -lrb- e.g. , bullets and warheads -rrb- .","Relation: is, Related to: both expendable weapons -lrb- e.g. , bombs , missiles , grenades , land mines -rrb- and the component parts of other weapons","Relation: is a, Related to: both expendable weapons -lrb- e.g. , bombs , missiles , grenades , land mines -rrb- and the component parts of other weapons that create the effect<br/>Relation: causes, Related to: on , bullets and warheads -rrb-<br/>Relation: is defined as, Related to: a target -lrb- e.g.",1,2,,,3 - Cannot tell: Both are equally good/bad,it relates that,,
3ZXV7Q5FJBURIX4Y3GH1UGOLS86CFJ,3X2H010HBR2UDWPNQAX5K8M73242R4,"Which is a better representation of the term, as defined by the sentence?","Given a Target Term and a sentence that defines it, compare the output of the two systems.","meaning, semantic, similarity, text, definition, representation",$0.07 ,Sun Feb 24 15:50:39 PST 2019,3,BatchId:3543993;OriginalHitTemplateId:928390905;,420,259200,Wed Feb 27 15:50:39 PST 2019,,,3BEFOD78W7ZWGNGTMQKXVSSU7VG4M6,A746183X8258H,Submitted,Sun Feb 24 16:17:10 PST 2019,Sun Feb 24 16:17:31 PST 2019,Wed Feb 27 16:17:31 PST 2019,,,,21,0% (0/0),0% (0/0),0% (0/0),ammunition,"Ammunition -lrb- informally ammo -rrb- is the material fired , scattered , dropped or detonated from any weapon .","Relation: is defined as, Related to: material fired , scattered , dropped or detonated from any weapon","Relation: is, Related to: the material fired , scattered , dropped or detonated from any weapon",0,1,,,3 - Cannot tell: Both are equally good/bad,both are same,,
3ZXV7Q5FJBURIX4Y3GH1UGOLS86CFJ,3X2H010HBR2UDWPNQAX5K8M73242R4,"Which is a better representation of the term, as defined by the sentence?","Given a Target Term and a sentence that defines it, compare the output of the two systems.","meaning, semantic, similarity, text, definition, representation",$0.07 ,Sun Feb 24 15:50:39 PST 2019,3,BatchId:3543993;OriginalHitTemplateId:928390905;,420,259200,Wed Feb 27 15:50:39 PST 2019,,,3HUTX6F6VVTADCMIVSGMUHK1IHXO27,A2RPSSZR3RP51Z,Submitted,Sun Feb 24 16:10:59 PST 2019,Sun Feb 24 16:11:30 PST 2019,Wed Feb 27 16:11:30 PST 2019,,,,31,0% (0/0),0% (0/0),0% (0/0),ammunition,"Ammunition -lrb- informally ammo -rrb- is the material fired , scattered , dropped or detonated from any weapon .","Relation: is defined as, Related to: material fired , scattered , dropped or detonated from any weapon","Relation: is, Related to: the material fired , scattered , dropped or detonated from any weapon",0,1,,,2 - System 2,GOOD,,
3ZXV7Q5FJBURIX4Y3GH1UGOLS86CFJ,3X2H010HBR2UDWPNQAX5K8M73242R4,"Which is a better representation of the term, as defined by the sentence?","Given a Target Term and a sentence that defines it, compare the output of the two systems.","meaning, semantic, similarity, text, definition, representation",$0.07 ,Sun Feb 24 15:50:39 PST 2019,3,BatchId:3543993;OriginalHitTemplateId:928390905;,420,259200,Wed Feb 27 15:50:39 PST 2019,,,3SNLUL3WO5TBR3SN1KA08JBZ638ULB,A19YRGJXNK347A,Submitted,Sun Feb 24 15:51:09 PST 2019,Sun Feb 24 15:51:58 PST 2019,Wed Feb 27 15:51:58 PST 2019,,,,49,0% (0/0),0% (0/0),0% (0/0),ammunition,"Ammunition -lrb- informally ammo -rrb- is the material fired , scattered , dropped or detonated from any weapon .","Relation: is defined as, Related to: material fired , scattered , dropped or detonated from any weapon","Relation: is, Related to: the material fired , scattered , dropped or detonated from any weapon",0,1,,,3 - Cannot tell: Both are equally good/bad,both answers are the same,,
3UV0D2KX1MPONTRJA1BJBICX0VPF49,3X2H010HBR2UDWPNQAX5K8M73242R4,"Which is a better representation of the term, as defined by the sentence?","Given a Target Term and a sentence that defines it, compare the output of the two systems.","meaning, semantic, similarity, text, definition, representation",$0.07 ,Sun Feb 24 15:50:39 PST 2019,3,BatchId:3543993;OriginalHitTemplateId:928390905;,420,259200,Wed Feb 27 15:50:39 PST 2019,,,3H8DHMCCWAHEQVZJUP8AJJUWV3CKDS,A19YRGJXNK347A,Submitted,Sun Feb 24 16:10:15 PST 2019,Sun Feb 24 16:10:46 PST 2019,Wed Feb 27 16:10:46 PST 2019,,,,31,0% (0/0),0% (0/0),0% (0/0),javascript,"Javascript -lrb- -rrb- , often abbreviated as js , is a high-level , interpreted programming language that conforms to the ecmascript specification .","Relation: is defined as, Related to: js<br/>Relation: is a, Related to: a high-level , interpreted programming language that conforms to the ecmascript specification","Relation: abbreviated, Related to: as js<br/>Relation: is, Related to: a high - level , interpreted programming language that conforms to the ecmascript specification<br/>Relation: interpreted, Related to: programming language that conforms to the ecmascript specification",0,1,,,1 - System 1,less cluttered,,
3UV0D2KX1MPONTRJA1BJBICX0VPF49,3X2H010HBR2UDWPNQAX5K8M73242R4,"Which is a better representation of the term, as defined by the sentence?","Given a Target Term and a sentence that defines it, compare the output of the two systems.","meaning, semantic, similarity, text, definition, representation",$0.07 ,Sun Feb 24 15:50:39 PST 2019,3,BatchId:3543993;OriginalHitTemplateId:928390905;,420,259200,Wed Feb 27 15:50:39 PST 2019,,,3K772S5NP9HSGBCBKZGXC9WP3YDEHF,A39XF45WLMIGX2,Submitted,Sun Feb 24 16:27:49 PST 2019,Sun Feb 24 16:28:12 PST 2019,Wed Feb 27 16:28:12 PST 2019,,,,23,0% (0/0),0% (0/0),0% (0/0),javascript,"Javascript -lrb- -rrb- , often abbreviated as js , is a high-level , interpreted programming language that conforms to the ecmascript specification .","Relation: is defined as, Related to: js<br/>Relation: is a, Related to: a high-level , interpreted programming language that conforms to the ecmascript specification","Relation: abbreviated, Related to: as js<br/>Relation: is, Related to: a high - level , interpreted programming language that conforms to the ecmascript specification<br/>Relation: interpreted, Related to: programming language that conforms to the ecmascript specification",0,1,,,1 - System 1,More to the point.,,
3UV0D2KX1MPONTRJA1BJBICX0VPF49,3X2H010HBR2UDWPNQAX5K8M73242R4,"Which is a better representation of the term, as defined by the sentence?","Given a Target Term and a sentence that defines it, compare the output of the two systems.","meaning, semantic, similarity, text, definition, representation",$0.07 ,Sun Feb 24 15:50:39 PST 2019,3,BatchId:3543993;OriginalHitTemplateId:928390905;,420,259200,Wed Feb 27 15:50:39 PST 2019,,,3UWN2HHPUZBL0Q34OSVF6AX0Q1SSN0,A746183X8258H,Submitted,Sun Feb 24 16:15:12 PST 2019,Sun Feb 24 16:15:42 PST 2019,Wed Feb 27 16:15:42 PST 2019,,,,30,0% (0/0),0% (0/0),0% (0/0),javascript,"Javascript -lrb- -rrb- , often abbreviated as js , is a high-level , interpreted programming language that conforms to the ecmascript specification .","Relation: is defined as, Related to: js<br/>Relation: is a, Related to: a high-level , interpreted programming language that conforms to the ecmascript specification","Relation: abbreviated, Related to: as js<br/>Relation: is, Related to: a high - level , interpreted programming language that conforms to the ecmascript specification<br/>Relation: interpreted, Related to: programming language that conforms to the ecmascript specification",0,1,,,2 - System 2,system 2 explain in 2 points,,
3S829FDFT27INB1X36IYKT6AHDDXDU,3X2H010HBR2UDWPNQAX5K8M73242R4,"Which is a better representation of the term, as defined by the sentence?","Given a Target Term and a sentence that defines it, compare the output of the two systems.","meaning, semantic, similarity, text, definition, representation",$0.07 ,Sun Feb 24 15:50:39 PST 2019,3,BatchId:3543993;OriginalHitTemplateId:928390905;,420,259200,Wed Feb 27 15:50:39 PST 2019,,,374TNBHA8C13Z9S53QFLSQG6CXBYQ7,A39XF45WLMIGX2,Submitted,Sun Feb 24 16:15:48 PST 2019,Sun Feb 24 16:16:11 PST 2019,Wed Feb 27 16:16:11 PST 2019,,,,23,0% (0/0),0% (0/0),0% (0/0),boogie,"Boogie is a repetitive , swung note or shuffle rhythm , `` groove '' or pattern used in blues which was originally played on the piano in boogie-woogie music .","Relation: is a, Related to: a repetitive , swung note or shuffle rhythm , `` groove '' or pattern in blues which originally played on the piano in boogie-woogie music","Relation: is, Related to: a repetitive , swung note or shuffle rhythm , `` groove '' or pattern",0,1,,,2 - System 2,It's more to the point.,,
3S829FDFT27INB1X36IYKT6AHDDXDU,3X2H010HBR2UDWPNQAX5K8M73242R4,"Which is a better representation of the term, as defined by the sentence?","Given a Target Term and a sentence that defines it, compare the output of the two systems.","meaning, semantic, similarity, text, definition, representation",$0.07 ,Sun Feb 24 15:50:39 PST 2019,3,BatchId:3543993;OriginalHitTemplateId:928390905;,420,259200,Wed Feb 27 15:50:39 PST 2019,,,3NQL1CS15SEV4HOMPP9VYDFETPPYV0,A2RPSSZR3RP51Z,Submitted,Sun Feb 24 16:12:55 PST 2019,Sun Feb 24 16:13:29 PST 2019,Wed Feb 27 16:13:29 PST 2019,,,,34,0% (0/0),0% (0/0),0% (0/0),boogie,"Boogie is a repetitive , swung note or shuffle rhythm , `` groove '' or pattern used in blues which was originally played on the piano in boogie-woogie music .","Relation: is a, Related to: a repetitive , swung note or shuffle rhythm , `` groove '' or pattern in blues which originally played on the piano in boogie-woogie music","Relation: is, Related to: a repetitive , swung note or shuffle rhythm , `` groove '' or pattern",0,1,,,2 - System 2,GOOD,,
3S829FDFT27INB1X36IYKT6AHDDXDU,3X2H010HBR2UDWPNQAX5K8M73242R4,"Which is a better representation of the term, as defined by the sentence?","Given a Target Term and a sentence that defines it, compare the output of the two systems.","meaning, semantic, similarity, text, definition, representation",$0.07 ,Sun Feb 24 15:50:39 PST 2019,3,BatchId:3543993;OriginalHitTemplateId:928390905;,420,259200,Wed Feb 27 15:50:39 PST 2019,,,3OVR4I9USQPN12ELEJREC1CZHWAQ4C,A19YRGJXNK347A,Submitted,Sun Feb 24 16:06:13 PST 2019,Sun Feb 24 16:07:05 PST 2019,Wed Feb 27 16:07:05 PST 2019,,,,52,0% (0/0),0% (0/0),0% (0/0),boogie,"Boogie is a repetitive , swung note or shuffle rhythm , `` groove '' or pattern used in blues which was originally played on the piano in boogie-woogie music .","Relation: is a, Related to: a repetitive , swung note or shuffle rhythm , `` groove '' or pattern in blues which originally played on the piano in boogie-woogie music","Relation: is, Related to: a repetitive , swung note or shuffle rhythm , `` groove '' or pattern",0,1,,,1 - System 1,feels more complete,,
3RQVKZ7ZRKP15MXQO4UJUB2IITA27W,3X2H010HBR2UDWPNQAX5K8M73242R4,"Which is a better representation of the term, as defined by the sentence?","Given a Target Term and a sentence that defines it, compare the output of the two systems.","meaning, semantic, similarity, text, definition, representation",$0.07 ,Sun Feb 24 15:50:39 PST 2019,3,BatchId:3543993;OriginalHitTemplateId:928390905;,420,259200,Wed Feb 27 15:50:39 PST 2019,,,35BLDD71I73V97YRLBBECKOGZJQVZL,A3LUETNYKSGBFY,Submitted,Sun Feb 24 15:57:07 PST 2019,Sun Feb 24 15:58:26 PST 2019,Wed Feb 27 15:58:26 PST 2019,,,,79,0% (0/0),0% (0/0),0% (0/0),eel,"An eel is any ray-finned fish belonging to the order anguilliformes -lrb- -rrb- , which consists of four suborders , 20 families , 111 genera , and about 800 species .","Relation: is, Related to: any ray - finned fish belonging to the order","Relation: is a, Related to: any ray-finned fish belonging to the order anguilliformes -lrb- -rrb- , which consists of<br/>Relation: is defined as, Related to: four suborders , 20 families , 111 genera , and about 800 species",1,1,,,2 - System 2,More complete,,
3RQVKZ7ZRKP15MXQO4UJUB2IITA27W,3X2H010HBR2UDWPNQAX5K8M73242R4,"Which is a better representation of the term, as defined by the sentence?","Given a Target Term and a sentence that defines it, compare the output of the two systems.","meaning, semantic, similarity, text, definition, representation",$0.07 ,Sun Feb 24 15:50:39 PST 2019,3,BatchId:3543993;OriginalHitTemplateId:928390905;,420,259200,Wed Feb 27 15:50:39 PST 2019,,,388U7OUMF876EFBK8XTC5OWRW6Y0R9,A2RPSSZR3RP51Z,Submitted,Sun Feb 24 16:12:00 PST 2019,Sun Feb 24 16:12:44 PST 2019,Wed Feb 27 16:12:44 PST 2019,,,,44,0% (0/0),0% (0/0),0% (0/0),eel,"An eel is any ray-finned fish belonging to the order anguilliformes -lrb- -rrb- , which consists of four suborders , 20 families , 111 genera , and about 800 species .","Relation: is, Related to: any ray - finned fish belonging to the order","Relation: is a, Related to: any ray-finned fish belonging to the order anguilliformes -lrb- -rrb- , which consists of<br/>Relation: is defined as, Related to: four suborders , 20 families , 111 genera , and about 800 species",1,1,,,1 - System 1,GOOD,,
3RQVKZ7ZRKP15MXQO4UJUB2IITA27W,3X2H010HBR2UDWPNQAX5K8M73242R4,"Which is a better representation of the term, as defined by the sentence?","Given a Target Term and a sentence that defines it, compare the output of the two systems.","meaning, semantic, similarity, text, definition, representation",$0.07 ,Sun Feb 24 15:50:39 PST 2019,3,BatchId:3543993;OriginalHitTemplateId:928390905;,420,259200,Wed Feb 27 15:50:39 PST 2019,,,3GA6AFUKOPUP6DWEVFZ1TISSC9HH3L,A294UCHXS5Z86L,Submitted,Sun Feb 24 15:59:20 PST 2019,Sun Feb 24 16:01:28 PST 2019,Wed Feb 27 16:01:28 PST 2019,,,,128,0% (0/0),0% (0/0),0% (0/0),eel,"An eel is any ray-finned fish belonging to the order anguilliformes -lrb- -rrb- , which consists of four suborders , 20 families , 111 genera , and about 800 species .","Relation: is, Related to: any ray - finned fish belonging to the order","Relation: is a, Related to: any ray-finned fish belonging to the order anguilliformes -lrb- -rrb- , which consists of<br/>Relation: is defined as, Related to: four suborders , 20 families , 111 genera , and about 800 species",1,1,,,1 - System 1,System 1 does not describe the order classification abd can be interpreted in many different ways.,,
3VGZ74AYTGMXWX0TE0NJC1OXTN6CGI,3X2H010HBR2UDWPNQAX5K8M73242R4,"Which is a better representation of the term, as defined by the sentence?","Given a Target Term and a sentence that defines it, compare the output of the two systems.","meaning, semantic, similarity, text, definition, representation",$0.07 ,Sun Feb 24 15:50:39 PST 2019,3,BatchId:3543993;OriginalHitTemplateId:928390905;,420,259200,Wed Feb 27 15:50:39 PST 2019,,,33PPUNGG39B3G0HACR64BNZDEDCRZN,A746183X8258H,Submitted,Sun Feb 24 15:51:27 PST 2019,Sun Feb 24 15:52:48 PST 2019,Wed Feb 27 15:52:48 PST 2019,,,,81,0% (0/0),0% (0/0),0% (0/0),motivation,Motivation is derived from the word motive which is defined as a need that requires satisfaction .,"Relation: is, Related to: derived<br/>Relation: derived, Related to: from the word motive","Relation: is a, Related to: derived<br/>Relation: has the property, Related to: from the word motive which as a<br/>Relation: is defined as, Related to: need that requires satisfaction",1,2,,,2 - System 2,systems two give two explanation,,
3VGZ74AYTGMXWX0TE0NJC1OXTN6CGI,3X2H010HBR2UDWPNQAX5K8M73242R4,"Which is a better representation of the term, as defined by the sentence?","Given a Target Term and a sentence that defines it, compare the output of the two systems.","meaning, semantic, similarity, text, definition, representation",$0.07 ,Sun Feb 24 15:50:39 PST 2019,3,BatchId:3543993;OriginalHitTemplateId:928390905;,420,259200,Wed Feb 27 15:50:39 PST 2019,,,3EJPLAJKENMAUHJQK3360S8HIQ3Z62,A39XF45WLMIGX2,Submitted,Sun Feb 24 16:16:12 PST 2019,Sun Feb 24 16:16:24 PST 2019,Wed Feb 27 16:16:24 PST 2019,,,,12,0% (0/0),0% (0/0),0% (0/0),motivation,Motivation is derived from the word motive which is defined as a need that requires satisfaction .,"Relation: is, Related to: derived<br/>Relation: derived, Related to: from the word motive","Relation: is a, Related to: derived<br/>Relation: has the property, Related to: from the word motive which as a<br/>Relation: is defined as, Related to: need that requires satisfaction",1,2,,,1 - System 1,It's more to the point.,,
3VGZ74AYTGMXWX0TE0NJC1OXTN6CGI,3X2H010HBR2UDWPNQAX5K8M73242R4,"Which is a better representation of the term, as defined by the sentence?","Given a Target Term and a sentence that defines it, compare the output of the two systems.","meaning, semantic, similarity, text, definition, representation",$0.07 ,Sun Feb 24 15:50:39 PST 2019,3,BatchId:3543993;OriginalHitTemplateId:928390905;,420,259200,Wed Feb 27 15:50:39 PST 2019,,,3R3YRB5GRG9UVK1J4TLAZ5VOCREAUE,A19YRGJXNK347A,Submitted,Sun Feb 24 16:11:18 PST 2019,Sun Feb 24 16:11:42 PST 2019,Wed Feb 27 16:11:42 PST 2019,,,,24,0% (0/0),0% (0/0),0% (0/0),motivation,Motivation is derived from the word motive which is defined as a need that requires satisfaction .,"Relation: is, Related to: derived<br/>Relation: derived, Related to: from the word motive","Relation: is a, Related to: derived<br/>Relation: has the property, Related to: from the word motive which as a<br/>Relation: is defined as, Related to: need that requires satisfaction",1,2,,,2 - System 2,more complete definition,,
3YD0MU1NC27QAPSU1JNY0TLGUH2A7B,3X2H010HBR2UDWPNQAX5K8M73242R4,"Which is a better representation of the term, as defined by the sentence?","Given a Target Term and a sentence that defines it, compare the output of the two systems.","meaning, semantic, similarity, text, definition, representation",$0.07 ,Sun Feb 24 15:50:39 PST 2019,3,BatchId:3543993;OriginalHitTemplateId:928390905;,420,259200,Wed Feb 27 15:50:39 PST 2019,,,3OB0CAO74IVQMGT2K0SRJCO5LADHYS,A5AJ3WOPKFLH4,Submitted,Sun Feb 24 16:06:25 PST 2019,Sun Feb 24 16:07:01 PST 2019,Wed Feb 27 16:07:01 PST 2019,,,,36,0% (0/0),0% (0/0),0% (0/0),saving,"Methods of saving include putting money aside in , for example , a deposit account , a pension account , an investment fund , or as cash .","Relation: include, Related to: putting money aside in , for example , a deposit account , a pension account , an investment fund , or as cash<br/>Relation: putting, Related to: money aside in","Relation: is a, Related to: putting money aside in , for example , a deposit account , a pension account , an investment fund , or as<br/>Relation: is defined as, Related to: cash",1,2,,,3 - Cannot tell: Both are equally good/bad,bverv  very similar examples,,
3YD0MU1NC27QAPSU1JNY0TLGUH2A7B,3X2H010HBR2UDWPNQAX5K8M73242R4,"Which is a better representation of the term, as defined by the sentence?","Given a Target Term and a sentence that defines it, compare the output of the two systems.","meaning, semantic, similarity, text, definition, representation",$0.07 ,Sun Feb 24 15:50:39 PST 2019,3,BatchId:3543993;OriginalHitTemplateId:928390905;,420,259200,Wed Feb 27 15:50:39 PST 2019,,,3PZDLQMM0UR94NPF5N7VZHQKT3FC2Z,A19YRGJXNK347A,Submitted,Sun Feb 24 16:12:56 PST 2019,Sun Feb 24 16:13:24 PST 2019,Wed Feb 27 16:13:24 PST 2019,,,,28,0% (0/0),0% (0/0),0% (0/0),saving,"Methods of saving include putting money aside in , for example , a deposit account , a pension account , an investment fund , or as cash .","Relation: include, Related to: putting money aside in , for example , a deposit account , a pension account , an investment fund , or as cash<br/>Relation: putting, Related to: money aside in","Relation: is a, Related to: putting money aside in , for example , a deposit account , a pension account , an investment fund , or as<br/>Relation: is defined as, Related to: cash",1,2,,,3 - Cannot tell: Both are equally good/bad,choices are almost identical,,
3YD0MU1NC27QAPSU1JNY0TLGUH2A7B,3X2H010HBR2UDWPNQAX5K8M73242R4,"Which is a better representation of the term, as defined by the sentence?","Given a Target Term and a sentence that defines it, compare the output of the two systems.","meaning, semantic, similarity, text, definition, representation",$0.07 ,Sun Feb 24 15:50:39 PST 2019,3,BatchId:3543993;OriginalHitTemplateId:928390905;,420,259200,Wed Feb 27 15:50:39 PST 2019,,,3U5JL4WY5LF7AZFX0XM6698SEZ0X4J,A746183X8258H,Submitted,Sun Feb 24 16:18:49 PST 2019,Sun Feb 24 16:19:09 PST 2019,Wed Feb 27 16:19:09 PST 2019,,,,20,0% (0/0),0% (0/0),0% (0/0),saving,"Methods of saving include putting money aside in , for example , a deposit account , a pension account , an investment fund , or as cash .","Relation: include, Related to: putting money aside in , for example , a deposit account , a pension account , an investment fund , or as cash<br/>Relation: putting, Related to: money aside in","Relation: is a, Related to: putting money aside in , for example , a deposit account , a pension account , an investment fund , or as<br/>Relation: is defined as, Related to: cash",1,2,,,3 - Cannot tell: Both are equally good/bad,both are same,,
356TQKY9XF3CR1ZF4L3K42FL4T2784,3X2H010HBR2UDWPNQAX5K8M73242R4,"Which is a better representation of the term, as defined by the sentence?","Given a Target Term and a sentence that defines it, compare the output of the two systems.","meaning, semantic, similarity, text, definition, representation",$0.07 ,Sun Feb 24 15:50:39 PST 2019,3,BatchId:3543993;OriginalHitTemplateId:928390905;,420,259200,Wed Feb 27 15:50:39 PST 2019,,,358UUM7WR09KWQB4TWELK36E4K07RC,A1IHI23KH87K5W,Submitted,Sun Feb 24 15:51:58 PST 2019,Sun Feb 24 15:54:20 PST 2019,Wed Feb 27 15:54:20 PST 2019,,,,142,0% (0/0),0% (0/0),0% (0/0),dress,A dress can be any one-piece garment containing a skirt of any length .,"Relation: is a, Related to: any one-piece garment containing a skirt of any length","Relation: can, Related to: be<br/>Relation: be, Related to: any one - piece garment containing a skirt of any length",0,3,,,3 - Cannot tell: Both are equally good/bad,They are very similar,,
356TQKY9XF3CR1ZF4L3K42FL4T2784,3X2H010HBR2UDWPNQAX5K8M73242R4,"Which is a better representation of the term, as defined by the sentence?","Given a Target Term and a sentence that defines it, compare the output of the two systems.","meaning, semantic, similarity, text, definition, representation",$0.07 ,Sun Feb 24 15:50:39 PST 2019,3,BatchId:3543993;OriginalHitTemplateId:928390905;,420,259200,Wed Feb 27 15:50:39 PST 2019,,,3AAJC4I4FHYMICYX4MXV9WDM4WIZJ3,A1CP4HLV04V5H6,Submitted,Sun Feb 24 15:55:34 PST 2019,Sun Feb 24 15:57:17 PST 2019,Wed Feb 27 15:57:17 PST 2019,,,,103,0% (0/0),0% (0/0),0% (0/0),dress,A dress can be any one-piece garment containing a skirt of any length .,"Relation: is a, Related to: any one-piece garment containing a skirt of any length","Relation: can, Related to: be<br/>Relation: be, Related to: any one - piece garment containing a skirt of any length",0,3,,,2 - System 2,it relates with gdress sp it can be any cloth.,,
356TQKY9XF3CR1ZF4L3K42FL4T2784,3X2H010HBR2UDWPNQAX5K8M73242R4,"Which is a better representation of the term, as defined by the sentence?","Given a Target Term and a sentence that defines it, compare the output of the two systems.","meaning, semantic, similarity, text, definition, representation",$0.07 ,Sun Feb 24 15:50:39 PST 2019,3,BatchId:3543993;OriginalHitTemplateId:928390905;,420,259200,Wed Feb 27 15:50:39 PST 2019,,,3P4RDNWND6C0NM9N4I9991AW8JKJIU,A19YRGJXNK347A,Submitted,Sun Feb 24 16:09:21 PST 2019,Sun Feb 24 16:09:39 PST 2019,Wed Feb 27 16:09:39 PST 2019,,,,18,0% (0/0),0% (0/0),0% (0/0),dress,A dress can be any one-piece garment containing a skirt of any length .,"Relation: is a, Related to: any one-piece garment containing a skirt of any length","Relation: can, Related to: be<br/>Relation: be, Related to: any one - piece garment containing a skirt of any length",0,3,,,1 - System 1,less cluttered,,
3MNJFORX8BA6JCVJO6UTGAIB0RKF5E,3X2H010HBR2UDWPNQAX5K8M73242R4,"Which is a better representation of the term, as defined by the sentence?","Given a Target Term and a sentence that defines it, compare the output of the two systems.","meaning, semantic, similarity, text, definition, representation",$0.07 ,Sun Feb 24 15:50:39 PST 2019,3,BatchId:3543993;OriginalHitTemplateId:928390905;,420,259200,Wed Feb 27 15:50:39 PST 2019,,,34BBWHLWHBHMT69MBHSOYR44AFUWI3,A746183X8258H,Submitted,Sun Feb 24 16:16:47 PST 2019,Sun Feb 24 16:17:10 PST 2019,Wed Feb 27 16:17:10 PST 2019,,,,23,0% (0/0),0% (0/0),0% (0/0),pillow,"A pillow is a support of the body at rest for comfort , therapy , decoration or play .","Relation: is a, Related to: a support of the body at rest for comfort , therapy , decoration or play","Relation: is, Related to: a support of the body at rest for comfort , therapy , decoration or play",0,1,,,3 - Cannot tell: Both are equally good/bad,both are same,,
3MNJFORX8BA6JCVJO6UTGAIB0RKF5E,3X2H010HBR2UDWPNQAX5K8M73242R4,"Which is a better representation of the term, as defined by the sentence?","Given a Target Term and a sentence that defines it, compare the output of the two systems.","meaning, semantic, similarity, text, definition, representation",$0.07 ,Sun Feb 24 15:50:39 PST 2019,3,BatchId:3543993;OriginalHitTemplateId:928390905;,420,259200,Wed Feb 27 15:50:39 PST 2019,,,3OCHAWUVGPQSO140LP9MDQXOBLNKXT,A19YRGJXNK347A,Submitted,Sun Feb 24 16:07:05 PST 2019,Sun Feb 24 16:07:43 PST 2019,Wed Feb 27 16:07:43 PST 2019,,,,38,0% (0/0),0% (0/0),0% (0/0),pillow,"A pillow is a support of the body at rest for comfort , therapy , decoration or play .","Relation: is a, Related to: a support of the body at rest for comfort , therapy , decoration or play","Relation: is, Related to: a support of the body at rest for comfort , therapy , decoration or play",0,1,,,3 - Cannot tell: Both are equally good/bad,choices are almost identical,,
3MNJFORX8BA6JCVJO6UTGAIB0RKF5E,3X2H010HBR2UDWPNQAX5K8M73242R4,"Which is a better representation of the term, as defined by the sentence?","Given a Target Term and a sentence that defines it, compare the output of the two systems.","meaning, semantic, similarity, text, definition, representation",$0.07 ,Sun Feb 24 15:50:39 PST 2019,3,BatchId:3543993;OriginalHitTemplateId:928390905;,420,259200,Wed Feb 27 15:50:39 PST 2019,,,3U8YCDAGXQM62EWKVI4C0YMM0KZ0QB,A39XF45WLMIGX2,Submitted,Sun Feb 24 16:26:20 PST 2019,Sun Feb 24 16:26:57 PST 2019,Wed Feb 27 16:26:57 PST 2019,,,,37,0% (0/0),0% (0/0),0% (0/0),pillow,"A pillow is a support of the body at rest for comfort , therapy , decoration or play .","Relation: is a, Related to: a support of the body at rest for comfort , therapy , decoration or play","Relation: is, Related to: a support of the body at rest for comfort , therapy , decoration or play",0,1,,,2 - System 2,Uses one less letter.,,
33W1NHWFYHRE9VX9QE6YMI47SZZZTC,3X2H010HBR2UDWPNQAX5K8M73242R4,"Which is a better representation of the term, as defined by the sentence?","Given a Target Term and a sentence that defines it, compare the output of the two systems.","meaning, semantic, similarity, text, definition, representation",$0.07 ,Sun Feb 24 15:50:39 PST 2019,3,BatchId:3543993;OriginalHitTemplateId:928390905;,420,259200,Wed Feb 27 15:50:39 PST 2019,,,31Z0PCVWULLXC5OWXLJGKI7WS5YT7C,A10CYIL141IBZT,Submitted,Sun Feb 24 16:00:44 PST 2019,Sun Feb 24 16:01:40 PST 2019,Wed Feb 27 16:01:40 PST 2019,,,,56,0% (0/0),0% (0/0),0% (0/0),riot,"A riot -lrb- -rrb- is a form of civil disorder commonly characterized by a group lashing out in a violent public disturbance against authority , property or people .","Relation: is a, Related to: a form of civil disorder commonly characterized by a group lashing out in a violent public disturbance against authority , property or people","Relation: is, Related to: a form of civil disorder",0,1,,,1 - System 1,system one has more of an explanation,,
33W1NHWFYHRE9VX9QE6YMI47SZZZTC,3X2H010HBR2UDWPNQAX5K8M73242R4,"Which is a better representation of the term, as defined by the sentence?","Given a Target Term and a sentence that defines it, compare the output of the two systems.","meaning, semantic, similarity, text, definition, representation",$0.07 ,Sun Feb 24 15:50:39 PST 2019,3,BatchId:3543993;OriginalHitTemplateId:928390905;,420,259200,Wed Feb 27 15:50:39 PST 2019,,,36W0OB37HXKQR637GMUAXJX7R4JHZL,A19YRGJXNK347A,Submitted,Sun Feb 24 16:13:24 PST 2019,Sun Feb 24 16:13:58 PST 2019,Wed Feb 27 16:13:58 PST 2019,,,,34,0% (0/0),0% (0/0),0% (0/0),riot,"A riot -lrb- -rrb- is a form of civil disorder commonly characterized by a group lashing out in a violent public disturbance against authority , property or people .","Relation: is a, Related to: a form of civil disorder commonly characterized by a group lashing out in a violent public disturbance against authority , property or people","Relation: is, Related to: a form of civil disorder",0,1,,,2 - System 2,more complete,,
33W1NHWFYHRE9VX9QE6YMI47SZZZTC,3X2H010HBR2UDWPNQAX5K8M73242R4,"Which is a better representation of the term, as defined by the sentence?","Given a Target Term and a sentence that defines it, compare the output of the two systems.","meaning, semantic, similarity, text, definition, representation",$0.07 ,Sun Feb 24 15:50:39 PST 2019,3,BatchId:3543993;OriginalHitTemplateId:928390905;,420,259200,Wed Feb 27 15:50:39 PST 2019,,,3ZV9H2YQQED733R3QEL1UL2FRXXW33,A746183X8258H,Submitted,Sun Feb 24 16:16:09 PST 2019,Sun Feb 24 16:16:46 PST 2019,Wed Feb 27 16:16:46 PST 2019,,,,37,0% (0/0),0% (0/0),0% (0/0),riot,"A riot -lrb- -rrb- is a form of civil disorder commonly characterized by a group lashing out in a violent public disturbance against authority , property or people .","Relation: is a, Related to: a form of civil disorder commonly characterized by a group lashing out in a violent public disturbance against authority , property or people","Relation: is, Related to: a form of civil disorder",0,1,,,1 - System 1,system 1 show more points and it is clear,,